Date,End date,Section,Title,Performance,Track,Time 1,What 1,Time 2,What 2,Time 3,What 3,Notes,Cast needed,Study hall time,Study hall volunteer,Study hall students,Study hall note,Link,Link label
Type like 2026-11-04,"Only for a run of dates, like tech week",Which heading it sits under,Shown in bold,"Yes = coral show date, also listed on the Shows page",Only if double cast: a track name from the website settings,e.g. 3:30-5:30pm,Who or what,Optional,Optional,Optional,Optional,"One per line (Ctrl+Enter). A line that is just a time, like 2:00-3:30pm, becomes a heading","Roles with commas, e.g. Ariel, Gulls. Or All, or None. Blank = not posted yet",Blank = no study hall line,Parent's name. Or Needed for a sign-up link. Blank = no study hall line,Not shown.,Small print under study hall,Optional web address,Text for the link
10/22/2026,,Rehearsal & Call Schedule,First Rehearsal,,,,,,,,,"Contract, Read-Through",ALL CAST (Role #s 1–35),,,,,,
10/27/2026,,Rehearsal & Call Schedule,Music #1,,,,,,,,,"Under the Sea, Kiss the Girl, Finale, Bows",ALL CAST (Role #s 1–35),,,,,,
10/29/2026,,Rehearsal & Call Schedule,Music #2,,,,,,,,,"Fathoms Below, Daughters of Triton, Human Stuff, She’s in Love","Role #s 1–30 (All Leads, Mersisters, Louis, Carlotta, Pilot (19), Seahorse, Sailors, Creatures/Gulls)",,,,,,
11/3/2026,,Rehearsal & Call Schedule,Music #3,,,,,,,,,"Poor Unfortunate Souls (& Reprise), Beluga Sevruga, Les Poissons, The Contest","Role #s 1, 4, 9, 10, 11–16, 17, 19, 21–25, 31–35 (Ariel, Ursula, Flotsam/Jetsam, Mersisters/Princesses, Louis, Pilot, Sailors/Chefs, Chorus/Tentacles)",,,,,,
11/5/2026,,Rehearsal & Call Schedule,Music #4,,,,,,,,,"Part of Your World & Reprise, One Step Closer, Vocal Review","Role #s 1, 2, 6, 7, 8 (Ariel, Eric, Flounder, Scuttle, Grimsby) + ALL CAST (1–35) for second-half review",,,,,,
11/10/2026,,Rehearsal & Call Schedule,Music #5,,,,,,,,,Brush Up & Polish All Vocal Music,ALL CAST (Role #s 1–35),,,,,,
11/12/2026,,Rehearsal & Call Schedule,Choreography #1,,,,,,,,,"Under the Sea, Kiss the Girl, Finale",ALL CAST (Role #s 1–35),,,,,,
11/17/2026,,Rehearsal & Call Schedule,Choreography #2,,,,,,,,,"Fathoms Below, Daughters of Triton, Human Stuff","Role #s 1–30 (All Leads, Mersisters, Louis, Pilot, Seahorse, Sailors, Creatures/Gulls)",,,,,,
11/19/2026,,Rehearsal & Call Schedule,Choreography #3,,,,,,,,,"She’s in Love, Les Poissons, Poor Unfortunate Souls","Role #s 1, 4, 5, 6, 9, 10, 11–16, 17, 19, 21–25, 31–35 (Ariel, Ursula, Sebastian, Flounder, Flotsam/Jetsam, Mersisters, Louis, Pilot, Sailors/Chefs, Chorus/Tentacles)",,,,,,
12/1/2026,,Rehearsal & Call Schedule,Choreography #4,,,,,,,,,"Poor Unfortunate Souls Reprise, Polish She's in Love & Les Poissons","Role #s 1, 4, 5, 6, 9, 10, 11–16, 17, 19, 21–25, 31–35 (Ariel, Ursula, Sebastian, Flounder, Flotsam/Jetsam, Mersisters, Louis, Pilot, Sailors/Chefs, Chorus/Tentacles)",,,,,,
12/3/2026,,Rehearsal & Call Schedule,Choreography #5,,,,,,,,,"Beluga Sevruga, The Contest, Part of Your World & Reprise, One Step Closer","Role #s 1, 2, 4, 6, 7, 8, 9, 10, 11–16 (Ariel, Eric, Ursula, Flounder, Scuttle, Grimsby, Flotsam/Jetsam, Mersisters/Princesses)",,,,,,
12/8/2026,,Rehearsal & Call Schedule,Choreography #6,,,,,,,,,Choreography Brush-Up & Trouble Sections,ALL CAST (Role #s 1–35),,,,,,
12/10/2026,,Rehearsal & Call Schedule,Blocking #1,,,,,,,,,"Pgs. 1–25 (Scenes 1–3: Ocean Surface, Triton's Court, Beach)","Role #s 1–30 (All Leads, Mersisters, Louis, Carlotta, Pilot, Seahorse, Sailors, Creatures/Gulls, Sea Chorus)",,,,,,
12/15/2026,,Rehearsal & Call Schedule,Blocking #2,,,,,,,,,"Pgs. 26–40 (Scenes 4–5: Ursula's Lair, Triton's Court)","Role #s 1, 3, 4, 5, 6, 8, 9, 10, 11–16, 20, 26–35 (Ariel, Triton, Ursula, Sebastian, Flounder, Grimsby, Flotsam/Jetsam, Mersisters, Seahorse, Creatures, Chorus/Tentacles)",,,,,,
12/17/2026,,Rehearsal & Call Schedule,Blocking #3,,,,,,,,,"Pgs. 40–58 (Scenes 6–8: Ariel's Grotto, Ocean Storm, Beach)","Role #s 1–10, 17, 18, 19, 20, 21–25, 26–35 (All Leads, Louis, Carlotta, Pilot, Seahorse, Sailors, Creatures/Gulls, Chorus/Tentacles)",,,,,,
1/5/2027,,Rehearsal & Call Schedule,Blocking #4,,,,,,,,,"Pgs. 59–70 (Scenes 9–11: Triton's Court, Grotto, Ursula's Lair)","Role #s 1, 3, 4, 5, 6, 9, 10, 11–16, 31–35 (Ariel, Triton, Ursula, Sebastian, Flounder, Flotsam/Jetsam, Mersisters, Chorus/Tentacles)",,,,,,
1/7/2027,,Rehearsal & Call Schedule,Blocking Review,,,,,,,,,Run & Clean Pgs. 1–70 (Act I / Scenes 1–11),ALL CAST (Role #s 1–35),,,,,,
1/12/2027,,Rehearsal & Call Schedule,Blocking #5,,,,,,,,,"Pgs. 71–80 (Scenes 12–13: Beach, Palace Kitchen)","Role #s 1, 2, 7, 8, 17, 18, 19, 21–25 (Ariel, Eric, Scuttle, Grimsby, Louis, Carlotta, Pilot, Sailors/Chefs)",,,,,,
1/14/2027,,Rehearsal & Call Schedule,Blocking #6,,,,,,,,,"Pgs. 81–93 (Scenes 14–15: Palace Hall, The Lagoon)","Role #s 1, 2, 5, 6, 7, 8, 18, 20, 26–35 (Ariel, Eric, Sebastian, Flounder, Scuttle, Grimsby, Carlotta, Seahorse, Creatures/Gulls, Chorus/Animals)",,,,,,
1/19/2027,,Rehearsal & Call Schedule,Blocking #7,,,,,,,,,Pgs. 94–101 (Scene 16: Palace Hall / The Contest),"Role #s 1, 2, 8, 11–16, 18 (Ariel, Eric, Grimsby, Mersisters/Princesses, Carlotta)",,,,,,
1/21/2027,,Rehearsal & Call Schedule,Blocking #8,,,,,,,,,"Pgs. 102–106 (Scenes 17–20: Grotto, Ursula's Lair, Ocean, Finale)",ALL CAST (Role #s 1–35),,,,,,
1/26/2027,,Rehearsal & Call Schedule,Blocking Review,,,,,,,,,Run & Clean Pgs. 71–106 (Act II / Scenes 12–20),ALL CAST (Role #s 1–35),,,,,,
1/28/2027,,Rehearsal & Call Schedule,Full Run #1,,,,,,,,,Run Entire Show (Stumble-Through),ALL CAST (Role #s 1–35),,,,,,
2/2/2027,,Rehearsal & Call Schedule,Polish #1,,,,,,,,,Clean Act I Transitions & Integration,ALL CAST (Role #s 1–35),,,,,,
2/4/2027,,Rehearsal & Call Schedule,Polish #2,,,,,,,,,Clean Act II Transitions & Integration,ALL CAST (Role #s 1–35),,,,,,
2/9/2027,,Rehearsal & Call Schedule,Full Run #2,,,,,,,,,Full Run-Through with Rehearsal Props & Sound Effects,ALL CAST (Role #s 1–35),,,,,,
2/11/2027,,Rehearsal & Call Schedule,Tech Rehearsal #1,,,,,,,,,Dry Tech / Cueing,ALL CAST (Role #s 1–35),,,,,,
2/16/2027,,Rehearsal & Call Schedule,Tech Rehearsal #2,,,,,,,,,Full Tech Run,ALL CAST (Role #s 1–35),,,,,,
2/18/2027,,Rehearsal & Call Schedule,Dress Rehearsal #1,,,,,,,,,First Full Costumed Dress Rehearsal,ALL CAST (Role #s 1–35),,,,,,
2/20/2027,,Rehearsal & Call Schedule,Double Dress Rehearsal,,,,,,,,,Full Dress Run #1 (AM) & Full Dress Run #2 (PM),ALL CAST (Role #s 1–35),,,,,,
2/23/2027,,Rehearsal & Call Schedule,Final Dress Rehearsal,,,,,,,,,Final Preview / Final Polish Run,ALL CAST (Role #s 1–35),,,,,,
2/24/2027,,Rehearsal & Call Schedule,Rest Day,,,,,,,,,No Rehearsal,None,,,,,,
2/25/2027,,Performances,"School Performance
 (Students only - no parents)",Yes,,8:30 AM,Curtain,,,,,,ALL CAST (Role #s 1–35),,,,,,
2/26/2027,,Performances,Opening Night,Yes,,4:30 PM,Cast call,6:00 PM,Curtain,,,,ALL CAST (Role #s 1–35),,,,,,
2/27/2027,,Performances,Closing Matinee,Yes,,12:30 PM,Cast call,2:00 PM,Curtain,,,Post-show set strike,ALL CAST (Role #s 1–35),,,,,,