Role #,Student
The role number from the Role IDs list (1-35),"Their name, once cast. Leave blank until then"
1,Andi DeGon
2,Juan Pablo Molina
3,Liam Kimble-Stell
4,Mia De Los Santos
5,Margot Porter
6,Aaron Russo
7,Kali Little
8,Carson Hay
9,Holden Toms
10,Wyatt Toms
11,Amy Urdaneta
12,Willow Marona
13,Lauren Haywood
14,Hazel Kimble-Stell
15,Juliette Houston
16,Marley Wyatt
17,James Nuttall
18,Christine Aniekan
19,
20,
21,Byrlynn Olmstead
22,Kensington Clar
23,Lily Buser
24,Brayzie Riegle
25,Chyla Bergstresser
26,Ellie Hoagland
27,Emma Siemonet
28,Amyra Piredina
29,Cullen Bergstresser
30,Dante Gibson
31,Wyatt Collins
32,Jordan Guese
33,Sophia Brown
34,Juan David Molina
35,Bennet Porter
36,Addilynne Daniels
37,Arzaiah Vlasov
38,Emma Mura